ID, Name, PhotoURL
958657187, Mathew Day, https://randomuser.me/api/portraits/men/4.jpg
405932424, Rebecca Richards, https://randomuser.me/api/portraits/women/63.jpg
73423841, Kent Kelley, https://randomuser.me/api/portraits/men/87.jpg
729062605, Carole Mckinney, https://randomuser.me/api/portraits/women/16.jpg
74889304, Same Kim, https://randomuser.me/api/portraits/men/13.jpg
203011940, Nathaniel Cooper, https://randomuser.me/api/portraits/men/74.jpg
843656656, Clara Diaz, https://randomuser.me/api/portraits/women/13.jpg
111366745, Katie Stone, https://randomuser.me/api/portraits/women/87.jpg
17386083, Henry Walters, https://randomuser.me/api/portraits/men/92.jpg
620924838, Bonnie Sims, https://randomuser.me/api/portraits/women/46.jpg
